"2021-06-05 07:21:58","Must-read papers on prompt-based tuning for pre-trained language models.",314,thunlp/PromptPapers,"",0,"","{""key"": """", ""name"": """", ""url"": """"}",PromptPapers,3,"{""id"": ""MDEyOk9yZ2FuaXphdGlvbjE4Mzg5MDM1"", ""is_bot"": false, ""login"": ""thunlp"", ""type"": ""Organization"", ""url"": ""https://github.com/thunlp""}","2023-07-06 06:40:41",199,3418,"2023-07-16 11:55:22",https://github.com/thunlp/PromptPapers,3418,thunlp,Organization
"2022-04-06 03:46:02","A trend starts from ""Chain of Thought Prompting Elicits Reasoning in Large Language Models"".",93,Timothyxxx/Chain-of-ThoughtsPapers,"",0,"","{""key"": """", ""name"": """", ""url"": """"}",Chain-of-ThoughtsPapers,0,"{""id"": ""MDQ6VXNlcjQ3Mjk2ODM1"", ""is_bot"": false, ""login"": ""Timothyxxx"", ""type"": ""User"", ""url"": ""https://github.com/Timothyxxx""}","2023-07-09 15:08:47",98,1373,"2023-07-16 19:49:59",https://github.com/Timothyxxx/Chain-of-ThoughtsPapers,1373,Timothyxxx,User
"2021-11-22 13:31:13","This repository contains the code of the CVPR 2022 paper ""Image Segmentation Using Text and Image Prompts"".",68,timojl/clipseg,"",0,Python,"{""key"": ""other"", ""name"": ""Other"", ""url"": """"}",clipseg,0,"{""id"": ""MDQ6VXNlcjY2ODMxOTM5"", ""is_bot"": false, ""login"": ""timojl"", ""type"": ""User"", ""url"": ""https://github.com/timojl""}","2023-07-13 18:18:44",1414,740,"2023-07-14 07:28:39",https://github.com/timojl/clipseg,740,timojl,User
"2022-01-16 08:22:26","A curated list of prompt-based paper in computer vision and vision-language learning.",48,ttengwang/Awesome_Prompting_Papers_in_Computer_Vision,https://visualprompting.github.io/,0,"","{""key"": """", ""name"": """", ""url"": """"}",Awesome_Prompting_Papers_in_Computer_Vision,2,"{""id"": ""MDQ6VXNlcjExOTQwOTMz"", ""is_bot"": false, ""login"": ""ttengwang"", ""type"": ""User"", ""url"": ""https://github.com/ttengwang""}","2023-06-07 17:30:57",66,624,"2023-07-16 14:06:42",https://github.com/ttengwang/Awesome_Prompting_Papers_in_Computer_Vision,624,ttengwang,User
"2022-09-14 08:47:53","Repository for the ACL2023 paper ""Reasoning with Language Model Prompting: A Survey"".",37,zjunlp/Prompt4ReasoningPapers,"",0,"","{""key"": ""mit"", ""name"": ""MIT License"", ""url"": ""https://api.github.com/licenses/mit""}",Prompt4ReasoningPapers,0,"{""id"": ""MDEyOk9yZ2FuaXphdGlvbjQxODg3ODc1"", ""is_bot"": false, ""login"": ""zjunlp"", ""type"": ""Organization"", ""url"": ""https://github.com/zjunlp""}","2023-07-11 14:04:17",7685,464,"2023-07-16 13:19:06",https://github.com/zjunlp/Prompt4ReasoningPapers,464,zjunlp,Organization
"2021-12-18 04:07:44","PromptKG Family: a Gallery of Prompt Learning & KG-related research works, toolkits, and paper-list.",52,zjunlp/PromptKG,https://zjunlp.github.io/project/promptkg,0,Python,"{""key"": ""mit"", ""name"": ""MIT License"", ""url"": ""https://api.github.com/licenses/mit""}",PromptKG,1,"{""id"": ""MDEyOk9yZ2FuaXphdGlvbjQxODg3ODc1"", ""is_bot"": false, ""login"": ""zjunlp"", ""type"": ""Organization"", ""url"": ""https://github.com/zjunlp""}","2023-06-25 23:43:40",50582,457,"2023-07-13 12:26:36",https://github.com/zjunlp/PromptKG,457,zjunlp,Organization
"2022-10-06 17:21:37","[CVPR 2023] Official repository of paper titled ""MaPLe: Multi-modal Prompt Learning"". ",21,muzairkhattak/multimodal-prompt-learning,https://muzairkhattak.github.io/multimodal-prompt-learning/,0,Python,"{""key"": ""mit"", ""name"": ""MIT License"", ""url"": ""https://api.github.com/licenses/mit""}",multimodal-prompt-learning,1,"{""id"": ""MDQ6VXNlcjYxNzA0MDg1"", ""is_bot"": false, ""login"": ""muzairkhattak"", ""type"": ""User"", ""url"": ""https://github.com/muzairkhattak""}","2023-07-10 12:27:35",10396,306,"2023-07-16 10:20:41",https://github.com/muzairkhattak/multimodal-prompt-learning,306,muzairkhattak,User
"2022-10-07 05:19:07","Official Algorithm Implementation of ICML'23 Paper ""VIMA: General Robot Manipulation with Multimodal Prompts""",29,vimalabs/VIMA,"",0,Python,"{""key"": ""mit"", ""name"": ""MIT License"", ""url"": ""https://api.github.com/licenses/mit""}",VIMA,0,"{""id"": ""O_kgDOBnhz1Q"", ""is_bot"": false, ""login"": ""vimalabs"", ""type"": ""Organization"", ""url"": ""https://github.com/vimalabs""}","2023-07-11 03:21:48",5484,286,"2023-07-14 13:29:36",https://github.com/vimalabs/VIMA,286,vimalabs,Organization
"2023-05-04 03:02:59","Code for our ACL 2023 Paper ""Plan-and-Solve Prompting: Improving Zero-Shot Chain-of-Thought Reasoning by Large Language Models"".",17,AGI-Edgerunners/Plan-and-Solve-Prompting,https://arxiv.org/abs/2305.04091,0,Python,"{""key"": """", ""name"": """", ""url"": """"}",Plan-and-Solve-Prompting,1,"{""id"": ""O_kgDOB66NGw"", ""is_bot"": false, ""login"": ""AGI-Edgerunners"", ""type"": ""Organization"", ""url"": ""https://github.com/AGI-Edgerunners""}","2023-05-23 14:49:21",24346,259,"2023-07-16 16:04:17",https://github.com/AGI-Edgerunners/Plan-and-Solve-Prompting,259,AGI-Edgerunners,Organization
"2022-09-05 18:26:49","Official implementation and data release of the paper ""Visual Prompting via Image Inpainting"".",13,amirbar/visual_prompting,https://yossigandelsman.github.io/visual_prompt,0,"Jupyter Notebook","{""key"": """", ""name"": """", ""url"": """"}",visual_prompting,6,"{""id"": ""MDQ6VXNlcjY0MDM2MDY="", ""is_bot"": false, ""login"": ""amirbar"", ""type"": ""User"", ""url"": ""https://github.com/amirbar""}","2023-01-16 19:24:32",5071,214,"2023-07-14 09:54:10",https://github.com/amirbar/visual_prompting,214,amirbar,User
"2023-01-09 14:00:25","Implementation of CVPR 2023 paper ""Prompting Large Language Models with Answer Heuristics for Knowledge-based Visual Question Answering"".",20,MILVLG/prophet,https://arxiv.org/abs/2303.01903,0,Python,"{""key"": ""apache-2.0"", ""name"": ""Apache License 2.0"", ""url"": ""https://api.github.com/licenses/apache-2.0""}",prophet,5,"{""id"": ""MDEyOk9yZ2FuaXphdGlvbjQ2NzQwODMy"", ""is_bot"": false, ""login"": ""MILVLG"", ""type"": ""Organization"", ""url"": ""https://github.com/MILVLG""}","2023-05-23 01:12:22",1145,208,"2023-07-16 01:08:17",https://github.com/MILVLG/prophet,208,MILVLG,Organization
"2023-03-22 03:31:46","Official implementation for the paper ""Prompt Pre-Training with Over Twenty-Thousand Classes for Open-Vocabulary Visual Recognition""",6,amazon-science/prompt-pretraining,"",0,Python,"{""key"": ""apache-2.0"", ""name"": ""Apache License 2.0"", ""url"": ""https://api.github.com/licenses/apache-2.0""}",prompt-pretraining,2,"{""id"": ""MDEyOk9yZ2FuaXphdGlvbjcwMjk4ODEx"", ""is_bot"": false, ""login"": ""amazon-science"", ""type"": ""Organization"", ""url"": ""https://github.com/amazon-science""}","2023-07-11 13:11:15",16326,188,"2023-07-14 09:04:52",https://github.com/amazon-science/prompt-pretraining,188,amazon-science,Organization
"2022-07-04 00:52:23","Code of ICLR2023 paper ""TaskPrompter: Spatial-Channel Multi-Task Prompting for Dense Scene Understanding"" and ECCV2022 paper ""Inverted Pyramid Multi-task Transformer for Dense Scene Understanding""",12,prismformore/Multi-Task-Transformer,"",0,Python,"{""key"": ""mit"", ""name"": ""MIT License"", ""url"": ""https://api.github.com/licenses/mit""}",Multi-Task-Transformer,0,"{""id"": ""MDQ6VXNlcjE0MDg5MzM4"", ""is_bot"": false, ""login"": ""prismformore"", ""type"": ""User"", ""url"": ""https://github.com/prismformore""}","2023-06-13 03:22:14",14568,183,"2023-07-15 15:01:48",https://github.com/prismformore/Multi-Task-Transformer,183,prismformore,User
"2021-10-21 06:40:36","Code and datasets for the WWW2022 paper ""KnowPrompt: Knowledge-aware Prompt-tuning with Synergistic Optimization for Relation Extraction.""",30,zjunlp/KnowPrompt,"",0,Python,"{""key"": ""mit"", ""name"": ""MIT License"", ""url"": ""https://api.github.com/licenses/mit""}",KnowPrompt,1,"{""id"": ""MDEyOk9yZ2FuaXphdGlvbjQxODg3ODc1"", ""is_bot"": false, ""login"": ""zjunlp"", ""type"": ""Organization"", ""url"": ""https://github.com/zjunlp""}","2023-06-20 02:47:56",29218,167,"2023-07-11 13:47:58",https://github.com/zjunlp/KnowPrompt,167,zjunlp,Organization
"2023-06-07 03:08:40","This is the pytorch implement of our paper ""RSPrompter: Learning to Prompt for Remote Sensing Instance Segmentation based on Visual Foundation Model""",10,KyanChen/RSPrompter,https://kyanchen.github.io/RSPrompter/,0,"Jupyter Notebook","{""key"": """", ""name"": """", ""url"": """"}",RSPrompter,0,"{""id"": ""MDQ6VXNlcjQxOTgzNTE0"", ""is_bot"": false, ""login"": ""KyanChen"", ""type"": ""User"", ""url"": ""https://github.com/KyanChen""}","2023-07-08 15:39:03",237378,148,"2023-07-16 01:14:17",https://github.com/KyanChen/RSPrompter,148,KyanChen,User
"2022-10-07 05:26:21","Official Task Suite Implementation of ICML'23 Paper ""VIMA: General Robot Manipulation with Multimodal Prompts""",17,vimalabs/VIMABench,"",0,Python,"{""key"": ""mit"", ""name"": ""MIT License"", ""url"": ""https://api.github.com/licenses/mit""}",VIMABench,0,"{""id"": ""O_kgDOBnhz1Q"", ""is_bot"": false, ""login"": ""vimalabs"", ""type"": ""Organization"", ""url"": ""https://github.com/vimalabs""}","2023-06-17 04:49:06",46120,133,"2023-07-14 04:23:33",https://github.com/vimalabs/VIMABench,133,vimalabs,Organization
"2022-03-26 03:15:58","Unofficial code for VPT(Visual Prompt Tuning) paper of arxiv 2203.12119",7,sagizty/VPT,"",0,Python,"{""key"": """", ""name"": """", ""url"": """"}",VPT,4,"{""id"": ""MDQ6VXNlcjUwNTc1MTA4"", ""is_bot"": false, ""login"": ""sagizty"", ""type"": ""User"", ""url"": ""https://github.com/sagizty""}","2023-06-19 06:18:38",18,133,"2023-07-05 14:58:05",https://github.com/sagizty/VPT,133,sagizty,User
"2023-02-23 12:41:31","Source code for the paper ""Active Prompting with Chain-of-Thought for Large Language Models""",13,shizhediao/active-prompt,"",0,Python,"{""key"": """", ""name"": """", ""url"": """"}",active-prompt,0,"{""id"": ""MDQ6VXNlcjE4MTIwMDg3"", ""is_bot"": false, ""login"": ""shizhediao"", ""type"": ""User"", ""url"": ""https://github.com/shizhediao""}","2023-02-27 04:02:14",19656,120,"2023-07-16 05:18:36",https://github.com/shizhediao/active-prompt,120,shizhediao,User
"2023-05-18 13:06:06","Codes for ACL 2023 paper: Reasoning Implicit Sentiment with Chain-of-Thought Prompting",2,scofield7419/THOR-ISA,http://haofei.vip/THOR/,0,Python,"{""key"": ""apache-2.0"", ""name"": ""Apache License 2.0"", ""url"": ""https://api.github.com/licenses/apache-2.0""}",THOR-ISA,0,"{""id"": ""MDQ6VXNlcjE4NzIyNzcw"", ""is_bot"": false, ""login"": ""scofield7419"", ""type"": ""User"", ""url"": ""https://github.com/scofield7419""}","2023-06-20 02:46:39",2575,111,"2023-07-11 21:47:39",https://github.com/scofield7419/THOR-ISA,111,scofield7419,User
"2021-12-01 01:23:01","This repository implements our ACL Findings 2022 research paper RelationPrompt: Leveraging Prompts to Generate Synthetic Data for Zero-Shot Relation Triplet Extraction. The goal of Zero-Shot Relation Triplet Extraction (ZeroRTE) is to extract relation triplets of the format (head entity, tail entity, relation), despite not having annotated data for the test relation labels.",17,declare-lab/RelationPrompt,"",0,Python,"{""key"": ""mit"", ""name"": ""MIT License"", ""url"": ""https://api.github.com/licenses/mit""}",RelationPrompt,8,"{""id"": ""MDEyOk9yZ2FuaXphdGlvbjU5MTY0Njk1"", ""is_bot"": false, ""login"": ""declare-lab"", ""type"": ""Organization"", ""url"": ""https://github.com/declare-lab""}","2023-06-22 11:34:49",68,105,"2023-07-16 08:10:42",https://github.com/declare-lab/RelationPrompt,105,declare-lab,Organization
"2022-10-26 23:15:11","Data and code for the ICLR 2023 paper ""Dynamic Prompt Learning via Policy Gradient for Semi-structured Mathematical Reasoning"".",11,lupantech/PromptPG,"",0,Python,"{""key"": ""mit"", ""name"": ""MIT License"", ""url"": ""https://api.github.com/licenses/mit""}",PromptPG,1,"{""id"": ""MDQ6VXNlcjE3NjYzNjA2"", ""is_bot"": false, ""login"": ""lupantech"", ""type"": ""User"", ""url"": ""https://github.com/lupantech""}","2023-02-22 19:27:53",475524,98,"2023-06-30 01:26:03",https://github.com/lupantech/PromptPG,98,lupantech,User
"2022-07-11 22:21:46","[ECCV 2022] Official Pytorch Implementation of the paper : "" Zero-Shot Temporal Action Detection via Vision-Language Prompting """,4,sauradip/STALE,https://sauradip.github.io/project_pages/STALE/,0,Python,"{""key"": """", ""name"": """", ""url"": """"}",STALE,4,"{""id"": ""MDQ6VXNlcjIzMTk3MzUw"", ""is_bot"": false, ""login"": ""sauradip"", ""type"": ""User"", ""url"": ""https://github.com/sauradip""}","2023-07-07 20:30:05",26689,63,"2023-07-13 08:33:40",https://github.com/sauradip/STALE,63,sauradip,User
"2023-02-27 19:12:41","Official implementation for CVPR'23 paper ""BlackVIP: Black-Box Visual Prompting for Robust Transfer Learning""",7,changdaeoh/BlackVIP,"",0,Python,"{""key"": """", ""name"": """", ""url"": """"}",BlackVIP,0,"{""id"": ""MDQ6VXNlcjY1MjA5NzQx"", ""is_bot"": false, ""login"": ""changdaeoh"", ""type"": ""User"", ""url"": ""https://github.com/changdaeoh""}","2023-06-25 13:14:59",1929,60,"2023-07-13 21:16:29",https://github.com/changdaeoh/BlackVIP,60,changdaeoh,User
"2022-03-03 05:21:19","Source code for ACL 2022 Paper ""Prompt-based Data Augmentation for Low-Resource NLU Tasks""",10,GaryYufei/PromDA,https://arxiv.org/abs/2202.12499,0,Python,"{""key"": """", ""name"": """", ""url"": """"}",PromDA,4,"{""id"": ""MDQ6VXNlcjgyODg5NjU="", ""is_bot"": false, ""login"": ""GaryYufei"", ""type"": ""User"", ""url"": ""https://github.com/GaryYufei""}","2023-03-30 03:03:36",3387,58,"2023-07-11 19:27:25",https://github.com/GaryYufei/PromDA,58,GaryYufei,User
"2023-03-20 13:07:48","This Repository surveys the paper focusing on Prompting and Adapters for Speech Processing. ",1,ga642381/Speech-Prompts-Adapters,"",0,"","{""key"": """", ""name"": """", ""url"": """"}",Speech-Prompts-Adapters,0,"{""id"": ""MDQ6VXNlcjIwNDg1MDMw"", ""is_bot"": false, ""login"": ""ga642381"", ""type"": ""User"", ""url"": ""https://github.com/ga642381""}","2023-06-06 23:25:47",43,50,"2023-07-16 21:35:26",https://github.com/ga642381/Speech-Prompts-Adapters,50,ga642381,User
"2023-04-20 02:22:20","Code and data for the Nature Machine Intelligence paper ""Knowledge graph-enhanced molecular contrastive learning with functional prompt"".",11,HICAI-ZJU/KANO,"",0,Python,"{""key"": ""mit"", ""name"": ""MIT License"", ""url"": ""https://api.github.com/licenses/mit""}",KANO,0,"{""id"": ""O_kgDOBjdHwg"", ""is_bot"": false, ""login"": ""HICAI-ZJU"", ""type"": ""Organization"", ""url"": ""https://github.com/HICAI-ZJU""}","2023-06-28 04:49:13",18198,46,"2023-07-12 07:33:38",https://github.com/HICAI-ZJU/KANO,46,HICAI-ZJU,Organization
"2023-03-22 20:12:18","PyTorch code for the CVPR'23 paper: ""CODA-Prompt: COntinual Decomposed Attention-based Prompting for Rehearsal-Free Continual Learning""",1,GT-RIPL/CODA-Prompt,"",0,Python,"{""key"": ""mit"", ""name"": ""MIT License"", ""url"": ""https://api.github.com/licenses/mit""}",CODA-Prompt,0,"{""id"": ""MDEyOk9yZ2FuaXphdGlvbjQxMTI0MzAy"", ""is_bot"": false, ""login"": ""GT-RIPL"", ""type"": ""Organization"", ""url"": ""https://github.com/GT-RIPL""}","2023-06-21 15:51:34",493,46,"2023-07-16 22:25:44",https://github.com/GT-RIPL/CODA-Prompt,46,GT-RIPL,Organization
"2023-01-26 10:34:17","Resources related to EACL 2023 paper ""SwitchPrompt: Learning Domain-Specific Gated Soft Prompts for Classification in Low-Resource Domains""",0,boschresearch/switchprompt,"",0,Python,"{""key"": ""agpl-3.0"", ""name"": ""GNU Affero General Public License v3.0"", ""url"": ""https://api.github.com/licenses/agpl-3.0""}",switchprompt,0,"{""id"": ""MDEyOk9yZ2FuaXphdGlvbjM1MjU5MTE3"", ""is_bot"": false, ""login"": ""boschresearch"", ""type"": ""Organization"", ""url"": ""https://github.com/boschresearch""}","2023-05-19 08:28:29",49,46,"2023-05-15 12:32:30",https://github.com/boschresearch/switchprompt,46,boschresearch,Organization
"2023-04-11 03:39:03","Source code for SIGIR 2023 paper: Prompt Learning for News Recommendation",4,resistzzz/Prompt4NR,"",0,Python,"{""key"": """", ""name"": """", ""url"": """"}",Prompt4NR,1,"{""id"": ""MDQ6VXNlcjIzNjEzNTg4"", ""is_bot"": false, ""login"": ""resistzzz"", ""type"": ""User"", ""url"": ""https://github.com/resistzzz""}","2023-04-26 06:30:01",466,38,"2023-07-15 07:55:24",https://github.com/resistzzz/Prompt4NR,38,resistzzz,User
"2023-04-25 19:37:14","This is the repository for the paper titled ""Don’t Stop Pretraining? Make Prompt-based Fine-tuning Powerful Learner""",12,ZhengxiangShi/PowerfulPromptFT,https://arxiv.org/abs/2305.01711,0,Python,"{""key"": ""mit"", ""name"": ""MIT License"", ""url"": ""https://api.github.com/licenses/mit""}",PowerfulPromptFT,0,"{""id"": ""MDQ6VXNlcjU4NzI2OTgy"", ""is_bot"": false, ""login"": ""ZhengxiangShi"", ""type"": ""User"", ""url"": ""https://github.com/ZhengxiangShi""}","2023-06-07 15:45:28",35783,37,"2023-07-07 22:48:33",https://github.com/ZhengxiangShi/PowerfulPromptFT,37,ZhengxiangShi,User
"2022-03-14 01:01:30","Code for our paper: ""GrIPS: Gradient-free, Edit-based Instruction Search for Prompting Large Language Models""",5,archiki/GrIPS,"",0,Python,"{""key"": ""mit"", ""name"": ""MIT License"", ""url"": ""https://api.github.com/licenses/mit""}",GrIPS,2,"{""id"": ""MDQ6VXNlcjM0ODc3NDMy"", ""is_bot"": false, ""login"": ""archiki"", ""type"": ""User"", ""url"": ""https://github.com/archiki""}","2023-04-23 12:21:15",629,37,"2023-06-21 05:00:48",https://github.com/archiki/GrIPS,37,archiki,User
"2023-07-13 18:42:48","[ICCV 2023] Official repository of paper titled ""Self-regulating Prompts: Foundational Model Adaptation without Forgetting"". ",1,muzairkhattak/PromptSRC,https://muzairkhattak.github.io/PromptSRC/,0,Python,"{""key"": ""mit"", ""name"": ""MIT License"", ""url"": ""https://api.github.com/licenses/mit""}",PromptSRC,0,"{""id"": ""MDQ6VXNlcjYxNzA0MDg1"", ""is_bot"": false, ""login"": ""muzairkhattak"", ""type"": ""User"", ""url"": ""https://github.com/muzairkhattak""}","2023-07-14 18:58:31",33802,35,"2023-07-16 09:50:15",https://github.com/muzairkhattak/PromptSRC,35,muzairkhattak,User
"2023-02-26 11:51:26","Source code for the TMLR paper ""Black-Box Prompt Learning for Pre-trained Language Models""",3,shizhediao/Black-Box-Prompt-Learning,"",0,Python,"{""key"": ""apache-2.0"", ""name"": ""Apache License 2.0"", ""url"": ""https://api.github.com/licenses/apache-2.0""}",Black-Box-Prompt-Learning,3,"{""id"": ""MDQ6VXNlcjE4MTIwMDg3"", ""is_bot"": false, ""login"": ""shizhediao"", ""type"": ""User"", ""url"": ""https://github.com/shizhediao""}","2023-02-26 11:54:08",332,34,"2023-06-13 02:32:44",https://github.com/shizhediao/Black-Box-Prompt-Learning,34,shizhediao,User
"2023-06-07 23:45:49","Code for paper Background Prompting for Improved Object Depth",0,mbaradad/depth_prompt,"",0,"Jupyter Notebook","{""key"": """", ""name"": """", ""url"": """"}",depth_prompt,1,"{""id"": ""MDQ6VXNlcjI5MjQwMjg="", ""is_bot"": false, ""login"": ""mbaradad"", ""type"": ""User"", ""url"": ""https://github.com/mbaradad""}","2023-06-09 15:18:29",61970,27,"2023-06-29 11:14:24",https://github.com/mbaradad/depth_prompt,27,mbaradad,User
"2023-05-26 15:09:01","Datasets and code from our paper, where we use machine learning to predict if ChatGPT will refuse a given prompt.",2,maxwellreuter/chatgpt-refusals,https://arxiv.org/abs/2306.03423,0,Python,"{""key"": ""mit"", ""name"": ""MIT License"", ""url"": ""https://api.github.com/licenses/mit""}",chatgpt-refusals,0,"{""id"": ""MDQ6VXNlcjUzOTQzODU="", ""is_bot"": false, ""login"": ""maxwellreuter"", ""type"": ""User"", ""url"": ""https://github.com/maxwellreuter""}","2023-06-22 20:08:24",3417,27,"2023-07-05 18:37:34",https://github.com/maxwellreuter/chatgpt-refusals,27,maxwellreuter,User
"2022-05-30 06:08:41","This repository contains the official code for the paper: ""Prompt Injection: Parameterization of Fixed Inputs""",0,unbiarirang/Fixed-Input-Parameterization,"",0,Python,"{""key"": ""mit"", ""name"": ""MIT License"", ""url"": ""https://api.github.com/licenses/mit""}",Fixed-Input-Parameterization,0,"{""id"": ""MDQ6VXNlcjIyNzU4OTIz"", ""is_bot"": false, ""login"": ""unbiarirang"", ""type"": ""User"", ""url"": ""https://github.com/unbiarirang""}","2023-05-24 14:02:20",501,27,"2023-06-16 09:05:53",https://github.com/unbiarirang/Fixed-Input-Parameterization,27,unbiarirang,User
"2023-03-15 12:02:50","Code and data for paper ""Context-faithful Prompting for Large Language Models"".",3,wzhouad/context-faithful-llm,"",0,Python,"{""key"": """", ""name"": """", ""url"": """"}",context-faithful-llm,0,"{""id"": ""MDQ6VXNlcjE5MjU5Njc3"", ""is_bot"": false, ""login"": ""wzhouad"", ""type"": ""User"", ""url"": ""https://github.com/wzhouad""}","2023-03-23 05:13:57",7,26,"2023-07-15 04:15:33",https://github.com/wzhouad/context-faithful-llm,26,wzhouad,User
"2023-05-29 01:32:40","Code for the paper ""PromptNER: Prompt Locating and Typing for Named Entity Recognition"", accepted at ACL 2023.",1,tricktreat/PromptNER,"",0,Python,"{""key"": """", ""name"": """", ""url"": """"}",PromptNER,1,"{""id"": ""MDQ6VXNlcjI1NzQwMDc3"", ""is_bot"": false, ""login"": ""tricktreat"", ""type"": ""User"", ""url"": ""https://github.com/tricktreat""}","2023-06-18 22:44:03",631,26,"2023-07-14 10:03:15",https://github.com/tricktreat/PromptNER,26,tricktreat,User
"2023-02-09 02:09:57","Source codes for the paper ""Bounding the Capabilities of Large Language Models in Open Text Generation with Prompt Constraints""",1,SALT-NLP/Bound-Cap-LLM,"",0,Python,"{""key"": """", ""name"": """", ""url"": """"}",Bound-Cap-LLM,0,"{""id"": ""MDEyOk9yZ2FuaXphdGlvbjU5NTIyODk5"", ""is_bot"": false, ""login"": ""SALT-NLP"", ""type"": ""Organization"", ""url"": ""https://github.com/SALT-NLP""}","2023-02-09 02:13:38",44635,25,"2023-07-01 22:06:24",https://github.com/SALT-NLP/Bound-Cap-LLM,25,SALT-NLP,Organization
"2023-01-25 15:13:55","[Paper][WWW2023] Structure Pre-training and Prompt Tuning for Knowledge Graph Transfer",3,zjukg/KGTransformer,https://arxiv.org/pdf/2303.03922.pdf,0,Python,"{""key"": """", ""name"": """", ""url"": """"}",KGTransformer,1,"{""id"": ""MDEyOk9yZ2FuaXphdGlvbjczODE0Njcy"", ""is_bot"": false, ""login"": ""zjukg"", ""type"": ""Organization"", ""url"": ""https://github.com/zjukg""}","2023-05-26 11:46:23",20935,24,"2023-07-07 11:15:19",https://github.com/zjukg/KGTransformer,24,zjukg,Organization
"2023-01-25 09:39:30","Official code for the ICLR2023 paper Compositional Prompt Tuning with Motion Cues for Open-vocabulary Video Relation Detection ",1,Dawn-LX/OpenVoc-VidVRD,"",0,Python,"{""key"": """", ""name"": """", ""url"": """"}",OpenVoc-VidVRD,2,"{""id"": ""MDQ6VXNlcjQ4MTY5MDEx"", ""is_bot"": false, ""login"": ""Dawn-LX"", ""type"": ""User"", ""url"": ""https://github.com/Dawn-LX""}","2023-06-07 09:56:20",1401,24,"2023-07-13 11:52:44",https://github.com/Dawn-LX/OpenVoc-VidVRD,24,Dawn-LX,User
"2022-10-13 08:54:07","Code for the SIGIR2023 paper  ""Schema-aware Reference as Prompt Improves Data-Efficient Knowledge Graph Construction""",2,zjunlp/RAP,"",0,Python,"{""key"": ""mit"", ""name"": ""MIT License"", ""url"": ""https://api.github.com/licenses/mit""}",RAP,0,"{""id"": ""MDEyOk9yZ2FuaXphdGlvbjQxODg3ODc1"", ""is_bot"": false, ""login"": ""zjunlp"", ""type"": ""Organization"", ""url"": ""https://github.com/zjunlp""}","2023-04-05 08:12:16",17982,21,"2023-06-13 02:59:20",https://github.com/zjunlp/RAP,21,zjunlp,Organization
"2023-03-30 23:33:45","Codebase for the paper: ""Guiding Large Language Models with Directional Stimulus Prompting""",2,Leezekun/Directional-Stimulus-Prompting,"",0,Python,"{""key"": ""apache-2.0"", ""name"": ""Apache License 2.0"", ""url"": ""https://api.github.com/licenses/apache-2.0""}",Directional-Stimulus-Prompting,0,"{""id"": ""MDQ6VXNlcjIyMzk1MjE2"", ""is_bot"": false, ""login"": ""Leezekun"", ""type"": ""User"", ""url"": ""https://github.com/Leezekun""}","2023-05-17 04:47:10",115233,19,"2023-07-16 17:59:36",https://github.com/Leezekun/Directional-Stimulus-Prompting,19,Leezekun,User
"2022-10-09 03:30:55","The code implementation of the EMNLP2022 paper:  DisCup:  Discriminator Cooperative Unlikelihood Prompt-tuning for Controllable Text Generation",2,littlehacker26/Discriminator-Cooperative-Unlikelihood-Prompt-Tuning,"",0,Python,"{""key"": """", ""name"": """", ""url"": """"}",Discriminator-Cooperative-Unlikelihood-Prompt-Tuning,1,"{""id"": ""MDQ6VXNlcjMwNzQwODk1"", ""is_bot"": false, ""login"": ""littlehacker26"", ""type"": ""User"", ""url"": ""https://github.com/littlehacker26""}","2023-04-08 02:17:16",123,17,"2023-06-13 18:21:01",https://github.com/littlehacker26/Discriminator-Cooperative-Unlikelihood-Prompt-Tuning,17,littlehacker26,User
"2022-10-08 12:18:53","[Findings of EMNLP 2022] Code of paper Generative Prompt Tuning for Relation Classification. https://arxiv.org/abs/2210.12435",2,hanjiale/GenPT,"",0,Python,"{""key"": """", ""name"": """", ""url"": """"}",GenPT,0,"{""id"": ""MDQ6VXNlcjQwNTE2NjYy"", ""is_bot"": false, ""login"": ""hanjiale"", ""type"": ""User"", ""url"": ""https://github.com/hanjiale""}","2023-05-07 04:10:25",5572,17,"2023-07-09 02:05:39",https://github.com/hanjiale/GenPT,17,hanjiale,User
"2023-02-23 09:50:45","Source code for the paper ""Automatic Prompt Augmentation and Selection with Chain-of-Thought from Labeled Data""",0,shizhediao/automate-cot,"",0,"","{""key"": """", ""name"": """", ""url"": """"}",automate-cot,1,"{""id"": ""MDQ6VXNlcjE4MTIwMDg3"", ""is_bot"": false, ""login"": ""shizhediao"", ""type"": ""User"", ""url"": ""https://github.com/shizhediao""}","2023-02-23 09:50:45",0,16,"2023-07-10 12:20:34",https://github.com/shizhediao/automate-cot,16,shizhediao,User
"2023-02-14 13:56:18","The official implementation of paper Dual Modality Prompt Tuning for Vision-Language Pre-Trained Model. If you find our code or paper useful, please give us a citation. ",2,fanrena/DPT,"",0,Python,"{""key"": """", ""name"": """", ""url"": """"}",DPT,0,"{""id"": ""MDQ6VXNlcjQxMzYxMjg0"", ""is_bot"": false, ""login"": ""fanrena"", ""type"": ""User"", ""url"": ""https://github.com/fanrena""}","2023-07-07 04:23:22",1787,14,"2023-06-30 09:07:32",https://github.com/fanrena/DPT,14,fanrena,User
"2023-05-21 03:58:48","Data, code and model for ACL 2023 paper ""MvP: Multi-view Prompting Improves Aspect Sentiment Tuple Prediction""",0,ZubinGou/multi-view-prompting,"",0,Python,"{""key"": ""mit"", ""name"": ""MIT License"", ""url"": ""https://api.github.com/licenses/mit""}",multi-view-prompting,1,"{""id"": ""MDQ6VXNlcjI3NjkwMjc4"", ""is_bot"": false, ""login"": ""ZubinGou"", ""type"": ""User"", ""url"": ""https://github.com/ZubinGou""}","2023-07-15 08:55:50",1441,14,"2023-07-12 10:38:23",https://github.com/ZubinGou/multi-view-prompting,14,ZubinGou,User
"2022-07-08 08:17:40","Source code for NLPCC 2022 paper: Prompt-Based Generative Multi-label Emotion Prediction with Label Contrastive Learning",1,yychai74/Generative-MultiEmo,"",0,Python,"{""key"": """", ""name"": """", ""url"": """"}",Generative-MultiEmo,4,"{""id"": ""U_kgDOBn4PsA"", ""is_bot"": false, ""login"": ""yychai74"", ""type"": ""User"", ""url"": ""https://github.com/yychai74""}","2023-07-05 03:06:51",3544,13,"2023-07-09 12:58:31",https://github.com/yychai74/Generative-MultiEmo,13,yychai74,User
"2022-09-07 07:35:55","[ACL 2023] The code for our ACL'23 paper Cold-Start Data Selection for Few-shot Language Model Fine-tuning: A Prompt-Based Uncertainty Propagation Approach",1,yueyu1030/Patron,"",0,Python,"{""key"": """", ""name"": """", ""url"": """"}",Patron,0,"{""id"": ""MDQ6VXNlcjM5ODU4MTI2"", ""is_bot"": false, ""login"": ""yueyu1030"", ""type"": ""User"", ""url"": ""https://github.com/yueyu1030""}","2023-07-04 19:34:19",467,13,"2023-06-22 05:48:08",https://github.com/yueyu1030/Patron,13,yueyu1030,User
"2023-05-05 12:30:28"," The git repository of Modular Prompted Chatbot paper",0,krafton-ai/MPC,"",0,Python,"{""key"": ""apache-2.0"", ""name"": ""Apache License 2.0"", ""url"": ""https://api.github.com/licenses/apache-2.0""}",MPC,0,"{""id"": ""O_kgDOB9pnjA"", ""is_bot"": false, ""login"": ""krafton-ai"", ""type"": ""Organization"", ""url"": ""https://github.com/krafton-ai""}","2023-05-24 09:22:51",1006,12,"2023-06-27 15:47:57",https://github.com/krafton-ai/MPC,12,krafton-ai,Organization
"2023-03-05 04:54:37","提示工程 Prompt-Engineering 的入门、进阶和最近技术文章翻译汇总。(*每三天更)",3,sou350121/Prompt-engineering-All-you-need-Cn,"",0,"Jupyter Notebook","{""key"": ""mit"", ""name"": ""MIT License"", ""url"": ""https://api.github.com/licenses/mit""}",Prompt-engineering-All-you-need-Cn,0,"{""id"": ""MDQ6VXNlcjI2MjU0NjAy"", ""is_bot"": false, ""login"": ""sou350121"", ""type"": ""User"", ""url"": ""https://github.com/sou350121""}","2023-03-09 08:23:51",4586,10,"2023-06-30 09:17:26",https://github.com/sou350121/Prompt-engineering-All-you-need-Cn,10,sou350121,User
"2023-05-21 05:25:54","This is the official code for paper: [PiVe: Prompting with Iterative Veriﬁcation Improving Graph-based Generative Capability of LLMs]",0,Jiuzhouh/PiVe,"",0,Python,"{""key"": """", ""name"": """", ""url"": """"}",PiVe,0,"{""id"": ""MDQ6VXNlcjM0MTAxMjM1"", ""is_bot"": false, ""login"": ""Jiuzhouh"", ""type"": ""User"", ""url"": ""https://github.com/Jiuzhouh""}","2023-05-23 01:06:50",20251,10,"2023-07-08 13:22:28",https://github.com/Jiuzhouh/PiVe,10,Jiuzhouh,User
"2022-10-19 07:36:55","Source code for EMNLP2022 paper ""Finding Skill Neurons in Pre-trained Transformers via Prompt Tuning"".",3,THU-KEG/Skill-Neuron,"",0,Python,"{""key"": ""mit"", ""name"": ""MIT License"", ""url"": ""https://api.github.com/licenses/mit""}",Skill-Neuron,0,"{""id"": ""MDEyOk9yZ2FuaXphdGlvbjI0ODIzMDk4"", ""is_bot"": false, ""login"": ""THU-KEG"", ""type"": ""Organization"", ""url"": ""https://github.com/THU-KEG""}","2023-03-13 02:09:41",43,9,"2023-07-08 09:32:38",https://github.com/THU-KEG/Skill-Neuron,9,THU-KEG,Organization
"2023-02-17 00:42:25","This is the code for our paper: PLACES: Prompting Language Models for Social Conversation Synthesis",2,alexa/places,"",0,Python,"{""key"": ""other"", ""name"": ""Other"", ""url"": """"}",places,0,"{""id"": ""MDEyOk9yZ2FuaXphdGlvbjE3ODE1OTc3"", ""is_bot"": false, ""login"": ""alexa"", ""type"": ""Organization"", ""url"": ""https://github.com/alexa""}","2023-02-17 01:21:06",32,9,"2023-07-14 06:35:33",https://github.com/alexa/places,9,alexa,Organization
"2022-01-21 17:01:55","The code for paper ""ProQA: Structural Prompt-based Pre-training for Unified Question Answering""",0,zhongwanjun/ProQA,"",0,Python,"{""key"": """", ""name"": """", ""url"": """"}",ProQA,3,"{""id"": ""MDQ6VXNlcjIyNjc2ODU3"", ""is_bot"": false, ""login"": ""zhongwanjun"", ""type"": ""User"", ""url"": ""https://github.com/zhongwanjun""}","2023-02-07 03:02:16",145,9,"2023-05-15 05:59:36",https://github.com/zhongwanjun/ProQA,9,zhongwanjun,User
"2023-05-18 12:27:36","This repository is the implementation of the ProTACT architecture, introduced in the paper ""Prompt- and Trait Relation-aware Cross-prompt Essay Trait Scoring"" (ACL Findings 2023).",0,doheejin/ProTACT,"",0,Python,"{""key"": ""bsd-3-clause"", ""name"": ""BSD 3-Clause \""New\"" or \""Revised\"" License"", ""url"": ""https://api.github.com/licenses/bsd-3-clause""}",ProTACT,0,"{""id"": ""MDQ6VXNlcjQzODM5NTk0"", ""is_bot"": false, ""login"": ""doheejin"", ""type"": ""User"", ""url"": ""https://github.com/doheejin""}","2023-05-30 09:24:23",27003,8,"2023-06-29 07:26:34",https://github.com/doheejin/ProTACT,8,doheejin,User
"2022-09-16 18:52:54","This repo contains code for the paper ""Psychologically-informed chain-of-thought prompts for metaphor understanding in large language models"" by Prystawski, Thibodeau, and Goodman",1,benpry/chain-of-thought-metaphor,"",0,"Jupyter Notebook","{""key"": ""mit"", ""name"": ""MIT License"", ""url"": ""https://api.github.com/licenses/mit""}",chain-of-thought-metaphor,0,"{""id"": ""MDQ6VXNlcjExMDIxODE1"", ""is_bot"": false, ""login"": ""benpry"", ""type"": ""User"", ""url"": ""https://github.com/benpry""}","2023-04-28 22:03:24",477,8,"2023-06-15 08:48:40",https://github.com/benpry/chain-of-thought-metaphor,8,benpry,User
"2023-05-03 07:53:29","Codes for the ACL2023 paper: DiscoPrompt: Path Prediction Prompt Tuning for Implicit Discourse Relation Recognition",0,HKUST-KnowComp/DiscoPrompt,"",0,Python,"{""key"": ""mit"", ""name"": ""MIT License"", ""url"": ""https://api.github.com/licenses/mit""}",DiscoPrompt,0,"{""id"": ""MDEyOk9yZ2FuaXphdGlvbjIxNjkwMDQ3"", ""is_bot"": false, ""login"": ""HKUST-KnowComp"", ""type"": ""Organization"", ""url"": ""https://github.com/HKUST-KnowComp""}","2023-05-28 18:51:09",34,7,"2023-06-28 12:57:44",https://github.com/HKUST-KnowComp/DiscoPrompt,7,HKUST-KnowComp,Organization
"2021-09-12 10:02:25","Source code for EMSE 2023 paper ""Zero-Shot Code Representation Learning via Prompt Tuning""",1,ChrisCN97/zecoler,"",0,Python,"{""key"": """", ""name"": """", ""url"": """"}",zecoler,0,"{""id"": ""MDQ6VXNlcjM3ODA3MzA4"", ""is_bot"": false, ""login"": ""ChrisCN97"", ""type"": ""User"", ""url"": ""https://github.com/ChrisCN97""}","2023-02-15 15:12:06",33072,7,"2023-04-14 21:37:15",https://github.com/ChrisCN97/zecoler,7,ChrisCN97,User
"2023-05-24 10:47:07","The official implementation of the ACL 2023 paper, ""Paraphrasing-Guided Data Augmentation for Contrastive Prompt-based Few-shot Fine-tuning"".",0,AmirAbaskohi/LM-CPPF,"",0,Python,"{""key"": ""apache-2.0"", ""name"": ""Apache License 2.0"", ""url"": ""https://api.github.com/licenses/apache-2.0""}",LM-CPPF,0,"{""id"": ""MDQ6VXNlcjUwOTI2NDM3"", ""is_bot"": false, ""login"": ""AmirAbaskohi"", ""type"": ""User"", ""url"": ""https://github.com/AmirAbaskohi""}","2023-07-09 20:15:31",203,6,"2023-07-11 15:24:57",https://github.com/AmirAbaskohi/LM-CPPF,6,AmirAbaskohi,User
"2023-05-01 18:40:15","Software used for the paper ""Beyond Prompts: Exploring the Design Space of Mixed-Initiative Co-Creativity Systems""",1,eilab-gt/beyond-prompts-experiment,"",0,Python,"{""key"": """", ""name"": """", ""url"": """"}",beyond-prompts-experiment,0,"{""id"": ""MDEyOk9yZ2FuaXphdGlvbjg0NDI3NTI1"", ""is_bot"": false, ""login"": ""eilab-gt"", ""type"": ""Organization"", ""url"": ""https://github.com/eilab-gt""}","2023-05-15 13:07:50",572,5,"2023-07-09 22:48:13",https://github.com/eilab-gt/beyond-prompts-experiment,5,eilab-gt,Organization
"2023-05-14 17:08:31","[Paper under review] Mode Approximation Makes Good Multimodal Prompts",0,WillDreamer/Aurora,https://arxiv.org/pdf/2305.08381.pdf,0,Python,"{""key"": """", ""name"": """", ""url"": """"}",Aurora,0,"{""id"": ""MDQ6VXNlcjM4MTg1MjMw"", ""is_bot"": false, ""login"": ""WillDreamer"", ""type"": ""User"", ""url"": ""https://github.com/WillDreamer""}","2023-05-28 03:11:59",53,4,"2023-06-05 06:43:10",https://github.com/WillDreamer/Aurora,4,WillDreamer,User
"2023-05-06 22:36:08","Code for the paper titled ""Controllable Mixed-Initiative Dialogue Generation through Prompting."" Repo under construction",0,maxlchen/Controllable-Mixed-Initiative-Dialogue-Generation,"",0,"","{""key"": """", ""name"": """", ""url"": """"}",Controllable-Mixed-Initiative-Dialogue-Generation,1,"{""id"": ""MDQ6VXNlcjM0MTM5OTM4"", ""is_bot"": false, ""login"": ""maxlchen"", ""type"": ""User"", ""url"": ""https://github.com/maxlchen""}","2023-05-06 22:38:16",2,4,"2023-07-06 04:59:23",https://github.com/maxlchen/Controllable-Mixed-Initiative-Dialogue-Generation,4,maxlchen,User
"2023-05-26 02:39:08","Code for paper ""Open-Domain Hierarchical Event Schema Induction by Incremental Prompting and Verification""",0,raspberryice/inc-schema,"",0,Python,"{""key"": ""gpl-3.0"", ""name"": ""GNU General Public License v3.0"", ""url"": ""https://api.github.com/licenses/gpl-3.0""}",inc-schema,0,"{""id"": ""MDQ6VXNlcjE0OTYxMTU0"", ""is_bot"": false, ""login"": ""raspberryice"", ""type"": ""User"", ""url"": ""https://github.com/raspberryice""}","2023-07-04 23:44:16",745,4,"2023-07-15 11:48:19",https://github.com/raspberryice/inc-schema,4,raspberryice,User
"2023-05-19 12:39:19","Code and Data for the paper: Multi-level Protein Structure Pre-training with Prompt Learning [ICLR 2023]",1,HICAI-ZJU/PromptProtein,"",0,Python,"{""key"": ""mit"", ""name"": ""MIT License"", ""url"": ""https://api.github.com/licenses/mit""}",PromptProtein,1,"{""id"": ""O_kgDOBjdHwg"", ""is_bot"": false, ""login"": ""HICAI-ZJU"", ""type"": ""Organization"", ""url"": ""https://github.com/HICAI-ZJU""}","2023-05-19 12:40:47",349,4,"2023-07-10 13:15:51",https://github.com/HICAI-ZJU/PromptProtein,4,HICAI-ZJU,Organization
"2022-10-10 06:41:24","Official code of EMNLP'22 paper ""CORT: A New Baseline for Comparative Opinion Classification by Dual Prompts""",0,cofe-ai/CORT,"",0,Python,"{""key"": ""apache-2.0"", ""name"": ""Apache License 2.0"", ""url"": ""https://api.github.com/licenses/apache-2.0""}",CORT,0,"{""id"": ""O_kgDOBuGeEQ"", ""is_bot"": false, ""login"": ""cofe-ai"", ""type"": ""Organization"", ""url"": ""https://github.com/cofe-ai""}","2023-01-13 04:23:44",1748,4,"2023-03-09 06:31:26",https://github.com/cofe-ai/CORT,4,cofe-ai,Organization
"2023-05-06 13:27:26","Official Code for ACL 2023 paper: ""Ethicist: Targeted Training Data Extraction Through Loss Smoothed Soft Prompting and Calibrated Confidence Estimation""",0,thu-coai/Targeted-Data-Extraction,"",0,Python,"{""key"": """", ""name"": """", ""url"": """"}",Targeted-Data-Extraction,0,"{""id"": ""MDEyOk9yZ2FuaXphdGlvbjQ1NjU0NTUw"", ""is_bot"": false, ""login"": ""thu-coai"", ""type"": ""Organization"", ""url"": ""https://github.com/thu-coai""}","2023-05-08 05:48:51",1388,4,"2023-07-13 11:07:06",https://github.com/thu-coai/Targeted-Data-Extraction,4,thu-coai,Organization
"2023-05-24 18:01:28","Code for ACL'23 Findings paper on 'Adversarial Robustness of Prompt-based Few-Shot Learning for Natural Language Understanding'",1,claws-lab/few-shot-adversarial-robustness,"",0,Python,"{""key"": ""mit"", ""name"": ""MIT License"", ""url"": ""https://api.github.com/licenses/mit""}",few-shot-adversarial-robustness,0,"{""id"": ""O_kgDOBu_RSQ"", ""is_bot"": false, ""login"": ""claws-lab"", ""type"": ""Organization"", ""url"": ""https://github.com/claws-lab""}","2023-06-21 03:37:31",862,4,"2023-07-15 03:11:12",https://github.com/claws-lab/few-shot-adversarial-robustness,4,claws-lab,Organization
"2022-06-29 17:16:05","Official code for the paper On the Robustness of Dialogue History Representation in Conversational Question Answering: A Comprehensive Study and a New Prompt-based Method",0,zorikg/MarCQAp,"",0,Shell,"{""key"": ""mit"", ""name"": ""MIT License"", ""url"": ""https://api.github.com/licenses/mit""}",MarCQAp,1,"{""id"": ""MDQ6VXNlcjM3NjYxNjI1"", ""is_bot"": false, ""login"": ""zorikg"", ""type"": ""User"", ""url"": ""https://github.com/zorikg""}","2023-03-23 09:58:57",8383,4,"2023-03-23 09:57:48",https://github.com/zorikg/MarCQAp,4,zorikg,User
"2022-10-06 12:57:42","This is the tool released in ICSE 2024 paper ""Domain Knowledge Matters: Improving Prompts with Fix Templates for Repairing Python Type Errors"".",1,JohnnyPeng18/TypeFix,"",0,Python,"{""key"": """", ""name"": """", ""url"": """"}",TypeFix,1,"{""id"": ""MDQ6VXNlcjM3MzcxMjc1"", ""is_bot"": false, ""login"": ""JohnnyPeng18"", ""type"": ""User"", ""url"": ""https://github.com/JohnnyPeng18""}","2023-06-05 02:18:19",14969,4,"2023-06-20 07:56:15",https://github.com/JohnnyPeng18/TypeFix,4,JohnnyPeng18,User
"2022-12-28 19:16:25","This is the offical repo for the paper ""PARL: A Dialog System Framework with Prompts as Actions for Reinforcement Learning"" at ICAART 2023. https://www.scitepress.org/PublicationsDetail.aspx?ID=nLEpnPjrvCI=&t=1",0,TUM-NLPLab-2022/PARL-A-Dialog-System-Framework-with-Prompts-as-Actions-for-Reinforcement-Learning,https://tum-nlplab-2022.github.io/PARL-A-Dialog-System-Framework-with-Prompts-as-Actions-for-Reinforcement-Learning/,0,Python,"{""key"": ""mit"", ""name"": ""MIT License"", ""url"": ""https://api.github.com/licenses/mit""}",PARL-A-Dialog-System-Framework-with-Prompts-as-Actions-for-Reinforcement-Learning,0,"{""id"": ""O_kgDOBys8Xw"", ""is_bot"": false, ""login"": ""TUM-NLPLab-2022"", ""type"": ""Organization"", ""url"": ""https://github.com/TUM-NLPLab-2022""}","2023-06-10 04:51:10",7091,4,"2023-03-07 21:37:11",https://github.com/TUM-NLPLab-2022/PARL-A-Dialog-System-Framework-with-Prompts-as-Actions-for-Reinforcement-Learning,4,TUM-NLPLab-2022,Organization
"2023-05-31 12:01:40","Data for ""OntoChatGPT Information System: Ontology-Driven Structured Prompts For ChatGPT Meta-Learning"" paper",0,knowledge-ukraine/OntoChatGPT,https://doi.org/10.47839/ijc.22.2.3086,0,Python,"{""key"": ""cc-by-4.0"", ""name"": ""Creative Commons Attribution 4.0 International"", ""url"": ""https://api.github.com/licenses/cc-by-4.0""}",OntoChatGPT,0,"{""id"": ""O_kgDOByXuxg"", ""is_bot"": false, ""login"": ""knowledge-ukraine"", ""type"": ""Organization"", ""url"": ""https://github.com/knowledge-ukraine""}","2023-07-02 17:07:16",263,3,"2023-07-13 19:36:05",https://github.com/knowledge-ukraine/OntoChatGPT,3,knowledge-ukraine,Organization
"2023-03-24 06:52:51","The official Implement of paper ""Remind of the Past: Incremental Learning with Analogical Prompts""",0,ZhihengCV/A-Prompts,"",0,"","{""key"": """", ""name"": """", ""url"": """"}",A-Prompts,0,"{""id"": ""MDQ6VXNlcjk3MzgyNzQ="", ""is_bot"": false, ""login"": ""ZhihengCV"", ""type"": ""User"", ""url"": ""https://github.com/ZhihengCV""}","2023-03-24 06:53:16",1,3,"2023-05-05 11:07:56",https://github.com/ZhihengCV/A-Prompts,3,ZhihengCV,User
"2023-04-18 11:42:24","Code for the JCDL 2023 paper CitePrompt: Using Prompts to Identify Citation Intent in Scientific Papers",0,AvishekLahiri/CitePrompt,"",0,Python,"{""key"": """", ""name"": """", ""url"": """"}",CitePrompt,0,"{""id"": ""MDQ6VXNlcjQ4NTA3MzA1"", ""is_bot"": false, ""login"": ""AvishekLahiri"", ""type"": ""User"", ""url"": ""https://github.com/AvishekLahiri""}","2023-04-18 19:40:37",2243,3,"2023-07-11 10:42:23",https://github.com/AvishekLahiri/CitePrompt,3,AvishekLahiri,User
"2023-04-28 16:55:25","Autonomous academic paper writing based off of simple user prompt",0,cgorto/papergpt,"",0,Python,"{""key"": """", ""name"": """", ""url"": """"}",papergpt,0,"{""id"": ""U_kgDOBxvhWA"", ""is_bot"": false, ""login"": ""cgorto"", ""type"": ""User"", ""url"": ""https://github.com/cgorto""}","2023-05-02 20:27:24",77,2,"2023-05-08 20:01:19",https://github.com/cgorto/papergpt,2,cgorto,User
"2023-01-18 09:47:37","Codes and data used for the paper ""Cross-Lingual Retrieval Augmented Prompt for Low-Resource Languages""   ",0,ercong21/parc,"",0,Python,"{""key"": ""mit"", ""name"": ""MIT License"", ""url"": ""https://api.github.com/licenses/mit""}",parc,0,"{""id"": ""MDQ6VXNlcjY2NzgwODc3"", ""is_bot"": false, ""login"": ""ercong21"", ""type"": ""User"", ""url"": ""https://github.com/ercong21""}","2023-01-20 14:18:02",19784,2,"2023-07-08 02:23:04",https://github.com/ercong21/parc,2,ercong21,User
"2023-03-03 04:14:39","Dataset of paper ""Verification of Chain-of-Thought Prompting in Japanese""",0,nlp-waseda/chain-of-thought-ja-dataset,"",0,"","{""key"": """", ""name"": """", ""url"": """"}",chain-of-thought-ja-dataset,0,"{""id"": ""MDEyOk9yZ2FuaXphdGlvbjYzMjI0MjA5"", ""is_bot"": false, ""login"": ""nlp-waseda"", ""type"": ""Organization"", ""url"": ""https://github.com/nlp-waseda""}","2023-05-17 12:53:33",135,2,"2023-06-23 07:12:40",https://github.com/nlp-waseda/chain-of-thought-ja-dataset,2,nlp-waseda,Organization
"2023-02-18 22:36:29","Official Repository for the paper ""Model-tuning Via Prompts Makes NLP Models More Robust""",1,acmi-lab/mvp,"",0,Python,"{""key"": """", ""name"": """", ""url"": """"}",mvp,0,"{""id"": ""MDEyOk9yZ2FuaXphdGlvbjYxMzY3NTIy"", ""is_bot"": false, ""login"": ""acmi-lab"", ""type"": ""Organization"", ""url"": ""https://github.com/acmi-lab""}","2023-04-24 15:43:20",178,2,"2023-06-09 09:13:21",https://github.com/acmi-lab/mvp,2,acmi-lab,Organization
"2022-10-05 02:52:33","Code for our EACL 2023 findings paper ""Global-Local Modeling with Prompt-Based Knowledge Enhancement for Emotion Inference in Conversation"".",1,Reason-Wang/DialogueGLP,"",0,Python,"{""key"": ""mit"", ""name"": ""MIT License"", ""url"": ""https://api.github.com/licenses/mit""}",DialogueGLP,0,"{""id"": ""MDQ6VXNlcjcyODY2MDUz"", ""is_bot"": false, ""login"": ""Reason-Wang"", ""type"": ""User"", ""url"": ""https://github.com/Reason-Wang""}","2023-05-05 02:38:50",19232,2,"2023-03-20 08:36:50",https://github.com/Reason-Wang/DialogueGLP,2,Reason-Wang,User
"2023-02-08 07:17:30","Reproduce PyTorch implementation of the paper ""Texts as Images in Prompt Tuning for Multi-Label Recognition"" CVPR 2023",0,yu-gi-oh-leilei/TaI-DPT,"",0,Python,"{""key"": ""mit"", ""name"": ""MIT License"", ""url"": ""https://api.github.com/licenses/mit""}",TaI-DPT,0,"{""id"": ""U_kgDOBlFz9A"", ""is_bot"": false, ""login"": ""yu-gi-oh-leilei"", ""type"": ""User"", ""url"": ""https://github.com/yu-gi-oh-leilei""}","2023-02-09 06:43:20",53895,2,"2023-06-26 15:59:18",https://github.com/yu-gi-oh-leilei/TaI-DPT,2,yu-gi-oh-leilei,User
"2022-11-19 13:10:57","This is the official repository for the paper ""Visually-Prompted Language Model for Fine-Grained Scene Graph Generation in an Open World""",0,Yuqifan1117/CaCao,"",0,Python,"{""key"": """", ""name"": """", ""url"": """"}",CaCao,1,"{""id"": ""MDQ6VXNlcjQ4MDYyMDM0"", ""is_bot"": false, ""login"": ""Yuqifan1117"", ""type"": ""User"", ""url"": ""https://github.com/Yuqifan1117""}","2023-07-14 03:05:00",2453,2,"2023-07-13 07:02:24",https://github.com/Yuqifan1117/CaCao,2,Yuqifan1117,User
"2023-05-29 16:51:52","prompts player 1 and player 2 to each enter a string: rock, paper, or scissors",0,FizzaAwan/RockPaperScissors,"",0,Java,"{""key"": """", ""name"": """", ""url"": """"}",RockPaperScissors,0,"{""id"": ""U_kgDOBrdXiQ"", ""is_bot"": false, ""login"": ""FizzaAwan"", ""type"": ""User"", ""url"": ""https://github.com/FizzaAwan""}","2023-05-29 16:52:43",2,1,"2023-06-12 23:43:20",https://github.com/FizzaAwan/RockPaperScissors,1,FizzaAwan,User
"2022-10-09 02:21:30","Code for paper ""A Prompt-based Approach to Adversarial Example Generation and Robustness Enhancement""",0,YANG-Yuting/PAT,"",0,Python,"{""key"": """", ""name"": """", ""url"": """"}",PAT,1,"{""id"": ""MDQ6VXNlcjM1MTU4Mjg3"", ""is_bot"": false, ""login"": ""YANG-Yuting"", ""type"": ""User"", ""url"": ""https://github.com/YANG-Yuting""}","2023-04-03 10:58:47",166,1,"2023-06-28 12:08:45",https://github.com/YANG-Yuting/PAT,1,YANG-Yuting,User
"2023-02-03 03:53:13","Code for EACL 2023 (Findings) paper ""Global Constraints with Prompting for Zero-Shot Event Argument Classification"".",1,HKUST-KnowComp/Constraints-with-Prompting-for-Zero-Shot-EAC,"",0,Python,"{""key"": """", ""name"": """", ""url"": """"}",Constraints-with-Prompting-for-Zero-Shot-EAC,0,"{""id"": ""MDEyOk9yZ2FuaXphdGlvbjIxNjkwMDQ3"", ""is_bot"": false, ""login"": ""HKUST-KnowComp"", ""type"": ""Organization"", ""url"": ""https://github.com/HKUST-KnowComp""}","2023-02-03 15:18:34",23,1,"2023-07-01 13:54:58",https://github.com/HKUST-KnowComp/Constraints-with-Prompting-for-Zero-Shot-EAC,1,HKUST-KnowComp,Organization
"2023-05-11 08:23:40","Prompt protocol repository of the ""Artificial Intelligence Co-Piloted Auditing"" paper. ",0,GitiHubi/co_piloted_auditing,"",0,"","{""key"": ""other"", ""name"": ""Other"", ""url"": """"}",co_piloted_auditing,0,"{""id"": ""MDQ6VXNlcjcyNTM5ODk="", ""is_bot"": false, ""login"": ""GitiHubi"", ""type"": ""User"", ""url"": ""https://github.com/GitiHubi""}","2023-05-22 03:54:18",572,1,"2023-06-27 17:19:53",https://github.com/GitiHubi/co_piloted_auditing,1,GitiHubi,User
"2023-07-14 03:04:16","Awesome prompts for computer science research including paper editting and code debugging",0,Xtra-Computing/Awesome-Prompt-For-Research,"",0,"","{""key"": ""mit"", ""name"": ""MIT License"", ""url"": ""https://api.github.com/licenses/mit""}",Awesome-Prompt-For-Research,0,"{""id"": ""MDEyOk9yZ2FuaXphdGlvbjI0ODg1NTk5"", ""is_bot"": false, ""login"": ""Xtra-Computing"", ""type"": ""Organization"", ""url"": ""https://github.com/Xtra-Computing""}","2023-07-14 03:04:17",1,1,"2023-07-14 03:56:01",https://github.com/Xtra-Computing/Awesome-Prompt-For-Research,1,Xtra-Computing,Organization
"2023-05-08 04:34:21","Code for our paper, ""Mimicking the Thinking Process for Emotion Recognition in Conversation with Prompts and Paraphrasing""",0,NLPWM-WHU/MPLP,"",0,Python,"{""key"": """", ""name"": """", ""url"": """"}",MPLP,0,"{""id"": ""MDQ6VXNlcjUwNzkxMDI2"", ""is_bot"": false, ""login"": ""NLPWM-WHU"", ""type"": ""User"", ""url"": ""https://github.com/NLPWM-WHU""}","2023-06-11 05:04:12",35572,1,"2023-06-18 04:24:26",https://github.com/NLPWM-WHU/MPLP,1,NLPWM-WHU,User
"2023-07-03 14:31:16","Code and datasets for paper CoPrompt: A Contrast-prompt Tuning Method for Multiparty Dialogue Character Relationship Extraction",0,LIyu810/CoPrompt_main,"",0,Python,"{""key"": """", ""name"": """", ""url"": """"}",CoPrompt_main,0,"{""id"": ""MDQ6VXNlcjgyMDcyMjYx"", ""is_bot"": false, ""login"": ""LIyu810"", ""type"": ""User"", ""url"": ""https://github.com/LIyu810""}","2023-07-04 02:16:37",4686,1,"2023-07-04 06:49:29",https://github.com/LIyu810/CoPrompt_main,1,LIyu810,User
"2023-05-26 05:27:03","Code for KDD 2023 long paper: MetricPrompt: Prompting Model as a  Relevance Metric for Few-Shot Text Classification",0,Dousia/MetricPrompt,"",0,Python,"{""key"": """", ""name"": """", ""url"": """"}",MetricPrompt,0,"{""id"": ""MDQ6VXNlcjQ1OTI2NTMz"", ""is_bot"": false, ""login"": ""Dousia"", ""type"": ""User"", ""url"": ""https://github.com/Dousia""}","2023-06-16 12:00:49",329,1,"2023-06-28 12:04:01",https://github.com/Dousia/MetricPrompt,1,Dousia,User
"2023-07-01 15:24:28","Pytorch code of MICCAI 2023 Paper-Ariadne’s Thread : Using Text Prompts to Improve Segmentation of Infected Areas from Chest X-ray images",0,Junelin2333/LanGuideMedSeg-MICCAI2023,"",0,Python,"{""key"": ""gpl-3.0"", ""name"": ""GNU General Public License v3.0"", ""url"": ""https://api.github.com/licenses/gpl-3.0""}",LanGuideMedSeg-MICCAI2023,1,"{""id"": ""MDQ6VXNlcjY1NDk4Mjgy"", ""is_bot"": false, ""login"": ""Junelin2333"", ""type"": ""User"", ""url"": ""https://github.com/Junelin2333""}","2023-07-12 04:19:16",838,1,"2023-07-13 08:51:44",https://github.com/Junelin2333/LanGuideMedSeg-MICCAI2023,1,Junelin2333,User
"2023-02-21 00:27:21","Code and data used for the paper ""Is Prompt-Based Finetuning Always Better than Vanilla Finetuning? Insights from Cross-Lingual Language Understanding""",0,boleima/ProFiT,"",0,Python,"{""key"": """", ""name"": """", ""url"": """"}",ProFiT,0,"{""id"": ""U_kgDOBmMHlw"", ""is_bot"": false, ""login"": ""boleima"", ""type"": ""User"", ""url"": ""https://github.com/boleima""}","2023-07-14 13:13:39",285,1,"2023-07-13 18:47:20",https://github.com/boleima/ProFiT,1,boleima,User
